cluster,norm_total_spent,norm_purchase_count,norm_recency
1,0.7493337371702674,0.6977133919261135,0.4787858679696768
2,0.2658866690978745,0.8076094759511845,0.3937455874413389
3,0.7157139718615534,0.2176131322094055,0.5979518505210205
4,0.21946040600806094,0.3180787466501752,0.49916056803109143
